feature,correlation_with_popularity
valence,0.033231328117486914
tempo,-0.005378062951887702
