genre_type,acousticness_mean,instrumentalness_mean
Modern,0.16152351155316022,0.10317620919602691
Traditional,0.20519818043922172,0.04489447846176074
