playlist_genre,corr_energy_danceability
edm,-0.15026234933536436
latin,0.11593896549121391
pop,-0.030729241621586148
r&b,0.159201355568212
rap,-0.148173323360564
rock,-0.15288171070499995
