playlist_genre,feature_diversity
edm,0.1438962269180191
latin,0.1661013712392808
pop,0.16564927515133973
r&b,0.17566026124886777
rap,0.1764109938191034
rock,0.18105252810056682
