playlist_genre,feature_diversity
edm,0.140740146814161
latin,0.1660334091733869
pop,0.16961284319030667
r&b,0.18509119535712754
rap,0.17761823859562162
rock,0.17944567384325574
